<?xml version="1.0" encoding="UTF-8"?><!--Generated by ILIAS XmlWriter--><exp:Export InstallationId="0" InstallationUrl="https://eassessment.rz.uni-leipzig.de/eklausuren" Entity="tax" SchemaVersion="4.3.0" TargetRelease="5.4.0" xmlns:xsi="http://www.w3.org/2001/XMLSchema-instance" xmlns:exp="http://www.ilias.de/Services/Export/exp/4_1" xsi:schemaLocation="http://www.ilias.de/Services/Export/exp/4_1 https://eassessment.rz.uni-leipzig.de/eklausuren/xml/ilias_export_4_1.xsd http://www.ilias.de/Services/Taxonomy/tax/4_3 https://eassessment.rz.uni-leipzig.de/eklausuren/xml/ilias_tax_4_3.xsd http://www.ilias.de/Services/DataSet/ds/4_3 https://eassessment.rz.uni-leipzig.de/eklausuren/xml/ilias_ds_4_3.xsd" xmlns="http://www.ilias.de/Services/Taxonomy/tax/4_3" xmlns:ds="http://www.ilias.de/Services/DataSet/ds/4_3"><exp:ExportItem Id="44497"><ds:DataSet InstallationId="0" InstallationUrl="https://eassessment.rz.uni-leipzig.de/eklausuren" TopEntity="tax"><ds:Rec Entity="tax"><Tax><Id>44497</Id><Title>TaxTest</Title><Description></Description><SortingMode>0</SortingMode></Tax></ds:Rec><ds:Rec Entity="tax_tree"><TaxTree><TaxId>44497</TaxId><Child>15159</Child><Parent>0</Parent><Depth>1</Depth><Type></Type><Title>Root node for taxonomy 44497</Title><OrderNr>0</OrderNr></TaxTree></ds:Rec><ds:Rec Entity="tax_tree"><TaxTree><TaxId>44497</TaxId><Child>15161</Child><Parent>15159</Parent><Depth>2</Depth><Type>taxn</Type><Title>TestFrage 2</Title><OrderNr>10</OrderNr></TaxTree></ds:Rec><ds:Rec Entity="tax_node_assignment"><TaxNodeAssignment><NodeId>15161</NodeId><Component>qpl</Component><ItemType>quest</ItemType><ItemId>420000</ItemId></TaxNodeAssignment></ds:Rec><ds:Rec Entity="tax_tree"><TaxTree><TaxId>44497</TaxId><Child>15160</Child><Parent>15159</Parent><Depth>2</Depth><Type>taxn</Type><Title>TestFrage 1</Title><OrderNr>20</OrderNr></TaxTree></ds:Rec><ds:Rec Entity="tax_node_assignment"><TaxNodeAssignment><NodeId>15160</NodeId><Component>qpl</Component><ItemType>quest</ItemType><ItemId>420001</ItemId></TaxNodeAssignment></ds:Rec><ds:Rec Entity="tax_tree"><TaxTree><TaxId>44497</TaxId><Child>15162</Child><Parent>15159</Parent><Depth>2</Depth><Type>taxn</Type><Title>TestFrage 3</Title><OrderNr>10</OrderNr></TaxTree></ds:Rec><ds:Rec Entity="tax_node_assignment"><TaxNodeAssignment><NodeId>15162</NodeId><Component>qpl</Component><ItemType>quest</ItemType><ItemId>420002</ItemId></TaxNodeAssignment></ds:Rec><ds:Rec Entity="tax_tree"><TaxTree><TaxId>44497</TaxId><Child>15163</Child><Parent>15159</Parent><Depth>2</Depth><Type>taxn</Type><Title>TestFrage 4</Title><OrderNr>10</OrderNr></TaxTree></ds:Rec><ds:Rec Entity="tax_node_assignment"><TaxNodeAssignment><NodeId>15163</NodeId><Component>qpl</Component><ItemType>quest</ItemType><ItemId>420003</ItemId></TaxNodeAssignment></ds:Rec><ds:Rec Entity="tax_usage"><TaxUsage><TaxId>44497</TaxId><ObjId>44605</ObjId></TaxUsage></ds:Rec></ds:DataSet></exp:ExportItem></exp:Export>
