<?xml version="1.0" encoding="utf-8"?><!DOCTYPE Test SYSTEM "http://www.ilias.uni-koeln.de/download/dtd/ilias_co.dtd"><!--Export of ILIAS Test Questionpool 39991 of installation .--><ContentObject Type="Questionpool_Test"><MetaData><General Structure="Hierarchical"><Identifier Catalog="ILIAS" Entry="il_0_qpl_39991"/><Title Language="de">Testfragepool</Title><Language Language="de"/><Description Language="de"></Description><Keyword Language="de"/></General></MetaData><Settings><ShowTaxonomies>1</ShowTaxonomies><NavTaxonomy>0</NavTaxonomy><SkillService>0</SkillService></Settings><QuestionSkillAssignments></QuestionSkillAssignments></ContentObject>