<?xml version="1.0" encoding="utf-8"?><!DOCTYPE questestinterop SYSTEM "ims_qtiasiv1p2p1.dtd"><!--Generated by ILIAS XmlWriter--><questestinterop><item ident="il_0_qst_406149" title="Frage 1" maxattempts="0"><qticomment></qticomment><duration>P0Y0M0DT0H1M0S</duration><itemmetadata><qtimetadata><qtimetadatafield><fieldlabel>ILIAS_VERSION</fieldlabel><fieldentry>5.4.26 2021-12-22</fieldentry></qtimetadatafield><qtimetadatafield><fieldlabel>QUESTIONTYPE</fieldlabel><fieldentry>SINGLE CHOICE QUESTION</fieldentry></qtimetadatafield><qtimetadatafield><fieldlabel>AUTHOR</fieldlabel><fieldentry>Nico Willert</fieldentry></qtimetadatafield><qtimetadatafield><fieldlabel>additional_cont_edit_mode</fieldlabel><fieldentry>default</fieldentry></qtimetadatafield><qtimetadatafield><fieldlabel>externalId</fieldlabel><fieldentry>6204b681ac78d1.07550006</fieldentry></qtimetadatafield><qtimetadatafield><fieldlabel>thumb_size</fieldlabel><fieldentry/></qtimetadatafield><qtimetadatafield><fieldlabel>feedback_setting</fieldlabel><fieldentry>1</fieldentry></qtimetadatafield><qtimetadatafield><fieldlabel>singleline</fieldlabel><fieldentry>0</fieldentry></qtimetadatafield></qtimetadata></itemmetadata><presentation label="Frage 1"><flow><material><mattext texttype="text/xhtml">&lt;p&gt;Frage 1 Tax 1&lt;/p&gt;</mattext></material><response_lid ident="MCSR" rcardinality="Single"><render_choice shuffle="Yes"><response_label ident="0"><material><mattext texttype="text/xhtml">&lt;p&gt;1&lt;/p&gt;</mattext></material></response_label><response_label ident="1"><material><mattext texttype="text/xhtml">&lt;p&gt;2&lt;/p&gt;</mattext></material></response_label><response_label ident="2"><material><mattext texttype="text/xhtml">&lt;p&gt;3&lt;/p&gt;</mattext></material></response_label><response_label ident="3"><material><mattext texttype="text/xhtml">&lt;p&gt;4&lt;/p&gt;</mattext></material></response_label></render_choice></response_lid></flow></presentation><resprocessing><outcomes><decvar></decvar></outcomes><respcondition continue="Yes"><conditionvar><varequal respident="MCSR">0</varequal></conditionvar><setvar action="Add">1</setvar><displayfeedback feedbacktype="Response" linkrefid="response_0"/></respcondition><respcondition continue="Yes"><conditionvar><varequal respident="MCSR">1</varequal></conditionvar><setvar action="Add">0</setvar><displayfeedback feedbacktype="Response" linkrefid="response_1"/></respcondition><respcondition continue="Yes"><conditionvar><varequal respident="MCSR">2</varequal></conditionvar><setvar action="Add">0</setvar><displayfeedback feedbacktype="Response" linkrefid="response_2"/></respcondition><respcondition continue="Yes"><conditionvar><varequal respident="MCSR">3</varequal></conditionvar><setvar action="Add">0</setvar><displayfeedback feedbacktype="Response" linkrefid="response_3"/></respcondition></resprocessing><itemfeedback ident="response_0" view="All"><flow_mat><material><mattext texttype="text/plain"></mattext></material></flow_mat></itemfeedback><itemfeedback ident="response_1" view="All"><flow_mat><material><mattext texttype="text/plain"></mattext></material></flow_mat></itemfeedback><itemfeedback ident="response_2" view="All"><flow_mat><material><mattext texttype="text/plain"></mattext></material></flow_mat></itemfeedback><itemfeedback ident="response_3" view="All"><flow_mat><material><mattext texttype="text/plain"></mattext></material></flow_mat></itemfeedback></item><item ident="il_0_qst_406150" title="Frage 2" maxattempts="0"><qticomment></qticomment><duration>P0Y0M0DT0H1M0S</duration><itemmetadata><qtimetadata><qtimetadatafield><fieldlabel>ILIAS_VERSION</fieldlabel><fieldentry>5.4.26 2021-12-22</fieldentry></qtimetadatafield><qtimetadatafield><fieldlabel>QUESTIONTYPE</fieldlabel><fieldentry>SINGLE CHOICE QUESTION</fieldentry></qtimetadatafield><qtimetadatafield><fieldlabel>AUTHOR</fieldlabel><fieldentry>Nico Willert</fieldentry></qtimetadatafield><qtimetadatafield><fieldlabel>additional_cont_edit_mode</fieldlabel><fieldentry>default</fieldentry></qtimetadatafield><qtimetadatafield><fieldlabel>externalId</fieldlabel><fieldentry>6204b881160bd9.34418493</fieldentry></qtimetadatafield><qtimetadatafield><fieldlabel>thumb_size</fieldlabel><fieldentry/></qtimetadatafield><qtimetadatafield><fieldlabel>feedback_setting</fieldlabel><fieldentry>1</fieldentry></qtimetadatafield><qtimetadatafield><fieldlabel>singleline</fieldlabel><fieldentry>0</fieldentry></qtimetadatafield></qtimetadata></itemmetadata><presentation label="Frage 2"><flow><material><mattext texttype="text/xhtml">&lt;p&gt;Frage 2 Tax 2&lt;/p&gt;</mattext></material><response_lid ident="MCSR" rcardinality="Single"><render_choice shuffle="Yes"><response_label ident="0"><material><mattext texttype="text/xhtml">&lt;p&gt;1&lt;/p&gt;</mattext></material></response_label><response_label ident="1"><material><mattext texttype="text/xhtml">&lt;p&gt;2&lt;/p&gt;</mattext></material></response_label><response_label ident="2"><material><mattext texttype="text/xhtml">&lt;p&gt;3&lt;/p&gt;</mattext></material></response_label><response_label ident="3"><material><mattext texttype="text/xhtml">&lt;p&gt;4&lt;/p&gt;</mattext></material></response_label></render_choice></response_lid></flow></presentation><resprocessing><outcomes><decvar></decvar></outcomes><respcondition continue="Yes"><conditionvar><varequal respident="MCSR">0</varequal></conditionvar><setvar action="Add">1</setvar><displayfeedback feedbacktype="Response" linkrefid="response_0"/></respcondition><respcondition continue="Yes"><conditionvar><varequal respident="MCSR">1</varequal></conditionvar><setvar action="Add">0</setvar><displayfeedback feedbacktype="Response" linkrefid="response_1"/></respcondition><respcondition continue="Yes"><conditionvar><varequal respident="MCSR">2</varequal></conditionvar><setvar action="Add">0</setvar><displayfeedback feedbacktype="Response" linkrefid="response_2"/></respcondition><respcondition continue="Yes"><conditionvar><varequal respident="MCSR">3</varequal></conditionvar><setvar action="Add">0</setvar><displayfeedback feedbacktype="Response" linkrefid="response_3"/></respcondition></resprocessing><itemfeedback ident="response_0" view="All"><flow_mat><material><mattext texttype="text/plain"></mattext></material></flow_mat></itemfeedback><itemfeedback ident="response_1" view="All"><flow_mat><material><mattext texttype="text/plain"></mattext></material></flow_mat></itemfeedback><itemfeedback ident="response_2" view="All"><flow_mat><material><mattext texttype="text/plain"></mattext></material></flow_mat></itemfeedback><itemfeedback ident="response_3" view="All"><flow_mat><material><mattext texttype="text/plain"></mattext></material></flow_mat></itemfeedback></item><item ident="il_0_qst_406151" title="Frage 3" maxattempts="0"><qticomment></qticomment><duration>P0Y0M0DT0H1M0S</duration><itemmetadata><qtimetadata><qtimetadatafield><fieldlabel>ILIAS_VERSION</fieldlabel><fieldentry>5.4.26 2021-12-22</fieldentry></qtimetadatafield><qtimetadatafield><fieldlabel>QUESTIONTYPE</fieldlabel><fieldentry>SINGLE CHOICE QUESTION</fieldentry></qtimetadatafield><qtimetadatafield><fieldlabel>AUTHOR</fieldlabel><fieldentry>Nico Willert</fieldentry></qtimetadatafield><qtimetadatafield><fieldlabel>additional_cont_edit_mode</fieldlabel><fieldentry>default</fieldentry></qtimetadatafield><qtimetadatafield><fieldlabel>externalId</fieldlabel><fieldentry>6204b89eb7cab5.21770195</fieldentry></qtimetadatafield><qtimetadatafield><fieldlabel>thumb_size</fieldlabel><fieldentry/></qtimetadatafield><qtimetadatafield><fieldlabel>feedback_setting</fieldlabel><fieldentry>1</fieldentry></qtimetadatafield><qtimetadatafield><fieldlabel>singleline</fieldlabel><fieldentry>0</fieldentry></qtimetadatafield></qtimetadata></itemmetadata><presentation label="Frage 3"><flow><material><mattext texttype="text/xhtml">&lt;p&gt;Frage 3 Tax 3&lt;/p&gt;</mattext></material><response_lid ident="MCSR" rcardinality="Single"><render_choice shuffle="Yes"><response_label ident="0"><material><mattext texttype="text/xhtml">&lt;p&gt;1&lt;/p&gt;</mattext></material></response_label><response_label ident="1"><material><mattext texttype="text/xhtml">&lt;p&gt;2&lt;/p&gt;</mattext></material></response_label><response_label ident="2"><material><mattext texttype="text/xhtml">&lt;p&gt;3&lt;/p&gt;</mattext></material></response_label><response_label ident="3"><material><mattext texttype="text/xhtml">&lt;p&gt;4&lt;/p&gt;</mattext></material></response_label></render_choice></response_lid></flow></presentation><resprocessing><outcomes><decvar></decvar></outcomes><respcondition continue="Yes"><conditionvar><varequal respident="MCSR">0</varequal></conditionvar><setvar action="Add">1</setvar><displayfeedback feedbacktype="Response" linkrefid="response_0"/></respcondition><respcondition continue="Yes"><conditionvar><varequal respident="MCSR">1</varequal></conditionvar><setvar action="Add">0</setvar><displayfeedback feedbacktype="Response" linkrefid="response_1"/></respcondition><respcondition continue="Yes"><conditionvar><varequal respident="MCSR">2</varequal></conditionvar><setvar action="Add">0</setvar><displayfeedback feedbacktype="Response" linkrefid="response_2"/></respcondition><respcondition continue="Yes"><conditionvar><varequal respident="MCSR">3</varequal></conditionvar><setvar action="Add">0</setvar><displayfeedback feedbacktype="Response" linkrefid="response_3"/></respcondition></resprocessing><itemfeedback ident="response_0" view="All"><flow_mat><material><mattext texttype="text/plain"></mattext></material></flow_mat></itemfeedback><itemfeedback ident="response_1" view="All"><flow_mat><material><mattext texttype="text/plain"></mattext></material></flow_mat></itemfeedback><itemfeedback ident="response_2" view="All"><flow_mat><material><mattext texttype="text/plain"></mattext></material></flow_mat></itemfeedback><itemfeedback ident="response_3" view="All"><flow_mat><material><mattext texttype="text/plain"></mattext></material></flow_mat></itemfeedback></item><item ident="il_0_qst_406152" title="Frage 1" maxattempts="0"><qticomment></qticomment><duration>P0Y0M0DT0H1M0S</duration><itemmetadata><qtimetadata><qtimetadatafield><fieldlabel>ILIAS_VERSION</fieldlabel><fieldentry>5.4.26 2021-12-22</fieldentry></qtimetadatafield><qtimetadatafield><fieldlabel>QUESTIONTYPE</fieldlabel><fieldentry>SINGLE CHOICE QUESTION</fieldentry></qtimetadatafield><qtimetadatafield><fieldlabel>AUTHOR</fieldlabel><fieldentry>Nico Willert</fieldentry></qtimetadatafield><qtimetadatafield><fieldlabel>additional_cont_edit_mode</fieldlabel><fieldentry>default</fieldentry></qtimetadatafield><qtimetadatafield><fieldlabel>externalId</fieldlabel><fieldentry>6204b929631932.70696316</fieldentry></qtimetadatafield><qtimetadatafield><fieldlabel>thumb_size</fieldlabel><fieldentry/></qtimetadatafield><qtimetadatafield><fieldlabel>feedback_setting</fieldlabel><fieldentry>1</fieldentry></qtimetadatafield><qtimetadatafield><fieldlabel>singleline</fieldlabel><fieldentry>0</fieldentry></qtimetadatafield></qtimetadata></itemmetadata><presentation label="Frage 1"><flow><material><mattext texttype="text/xhtml">&lt;p&gt;Frage 1.1 Tax 1 und 2&lt;/p&gt;</mattext></material><response_lid ident="MCSR" rcardinality="Single"><render_choice shuffle="Yes"><response_label ident="0"><material><mattext texttype="text/xhtml">&lt;p&gt;1&lt;/p&gt;</mattext></material></response_label><response_label ident="1"><material><mattext texttype="text/xhtml">&lt;p&gt;2&lt;/p&gt;</mattext></material></response_label><response_label ident="2"><material><mattext texttype="text/xhtml">&lt;p&gt;3&lt;/p&gt;</mattext></material></response_label><response_label ident="3"><material><mattext texttype="text/xhtml">&lt;p&gt;4&lt;/p&gt;</mattext></material></response_label></render_choice></response_lid></flow></presentation><resprocessing><outcomes><decvar></decvar></outcomes><respcondition continue="Yes"><conditionvar><varequal respident="MCSR">0</varequal></conditionvar><setvar action="Add">1</setvar><displayfeedback feedbacktype="Response" linkrefid="response_0"/></respcondition><respcondition continue="Yes"><conditionvar><varequal respident="MCSR">1</varequal></conditionvar><setvar action="Add">0</setvar><displayfeedback feedbacktype="Response" linkrefid="response_1"/></respcondition><respcondition continue="Yes"><conditionvar><varequal respident="MCSR">2</varequal></conditionvar><setvar action="Add">0</setvar><displayfeedback feedbacktype="Response" linkrefid="response_2"/></respcondition><respcondition continue="Yes"><conditionvar><varequal respident="MCSR">3</varequal></conditionvar><setvar action="Add">0</setvar><displayfeedback feedbacktype="Response" linkrefid="response_3"/></respcondition></resprocessing><itemfeedback ident="response_0" view="All"><flow_mat><material><mattext texttype="text/plain"></mattext></material></flow_mat></itemfeedback><itemfeedback ident="response_1" view="All"><flow_mat><material><mattext texttype="text/plain"></mattext></material></flow_mat></itemfeedback><itemfeedback ident="response_2" view="All"><flow_mat><material><mattext texttype="text/plain"></mattext></material></flow_mat></itemfeedback><itemfeedback ident="response_3" view="All"><flow_mat><material><mattext texttype="text/plain"></mattext></material></flow_mat></itemfeedback></item><item ident="il_0_qst_406153" title="Frage 4" maxattempts="0"><qticomment></qticomment><duration>P0Y0M0DT0H1M0S</duration><itemmetadata><qtimetadata><qtimetadatafield><fieldlabel>ILIAS_VERSION</fieldlabel><fieldentry>5.4.26 2021-12-22</fieldentry></qtimetadatafield><qtimetadatafield><fieldlabel>QUESTIONTYPE</fieldlabel><fieldentry>SINGLE CHOICE QUESTION</fieldentry></qtimetadatafield><qtimetadatafield><fieldlabel>AUTHOR</fieldlabel><fieldentry>Nico Willert</fieldentry></qtimetadatafield><qtimetadatafield><fieldlabel>additional_cont_edit_mode</fieldlabel><fieldentry>default</fieldentry></qtimetadatafield><qtimetadatafield><fieldlabel>externalId</fieldlabel><fieldentry>6204bb47d942f2.36959877</fieldentry></qtimetadatafield><qtimetadatafield><fieldlabel>thumb_size</fieldlabel><fieldentry/></qtimetadatafield><qtimetadatafield><fieldlabel>feedback_setting</fieldlabel><fieldentry>1</fieldentry></qtimetadatafield><qtimetadatafield><fieldlabel>singleline</fieldlabel><fieldentry>0</fieldentry></qtimetadatafield></qtimetadata></itemmetadata><presentation label="Frage 4"><flow><material><mattext texttype="text/xhtml">&lt;p&gt;Frage 4 Seite mit Code bearbeitet, alle Tax&lt;/p&gt;</mattext></material><response_lid ident="MCSR" rcardinality="Single"><render_choice shuffle="Yes"><response_label ident="0"><material><mattext texttype="text/xhtml">&lt;p&gt;1&lt;/p&gt;</mattext></material></response_label><response_label ident="1"><material><mattext texttype="text/xhtml">&lt;p&gt;2&lt;/p&gt;</mattext></material></response_label><response_label ident="2"><material><mattext texttype="text/xhtml">&lt;p&gt;3&lt;/p&gt;</mattext></material></response_label><response_label ident="3"><material><mattext texttype="text/xhtml">&lt;p&gt;4&lt;/p&gt;</mattext></material></response_label></render_choice></response_lid></flow></presentation><resprocessing><outcomes><decvar></decvar></outcomes><respcondition continue="Yes"><conditionvar><varequal respident="MCSR">0</varequal></conditionvar><setvar action="Add">1</setvar><displayfeedback feedbacktype="Response" linkrefid="response_0"/></respcondition><respcondition continue="Yes"><conditionvar><varequal respident="MCSR">1</varequal></conditionvar><setvar action="Add">0</setvar><displayfeedback feedbacktype="Response" linkrefid="response_1"/></respcondition><respcondition continue="Yes"><conditionvar><varequal respident="MCSR">2</varequal></conditionvar><setvar action="Add">0</setvar><displayfeedback feedbacktype="Response" linkrefid="response_2"/></respcondition><respcondition continue="Yes"><conditionvar><varequal respident="MCSR">3</varequal></conditionvar><setvar action="Add">0</setvar><displayfeedback feedbacktype="Response" linkrefid="response_3"/></respcondition></resprocessing><itemfeedback ident="response_0" view="All"><flow_mat><material><mattext texttype="text/plain"></mattext></material></flow_mat></itemfeedback><itemfeedback ident="response_1" view="All"><flow_mat><material><mattext texttype="text/plain"></mattext></material></flow_mat></itemfeedback><itemfeedback ident="response_2" view="All"><flow_mat><material><mattext texttype="text/plain"></mattext></material></flow_mat></itemfeedback><itemfeedback ident="response_3" view="All"><flow_mat><material><mattext texttype="text/plain"></mattext></material></flow_mat></itemfeedback></item></questestinterop>