<?xml version="1.0" encoding="utf-8"?><!DOCTYPE Test SYSTEM "http://www.ilias.uni-koeln.de/download/dtd/ilias_co.dtd"><!--Export of ILIAS Test Questionpool 39991 of installation .--><ContentObject Type="Questionpool_Test"><MetaData><General Structure="Hierarchical"><Identifier Catalog="ILIAS" Entry="il_0_qpl_39991"/><Title Language="de">Testfragepool</Title><Language Language="de"/><Description Language="de"></Description><Keyword Language="de"/></General></MetaData><Settings><ShowTaxonomies>1</ShowTaxonomies><NavTaxonomy>0</NavTaxonomy><SkillService>0</SkillService></Settings><PageObject><PageContent><Question QRef="il_0_qst_406149"/></PageContent></PageObject><PageObject><PageContent><Question QRef="il_0_qst_406150"/></PageContent></PageObject><PageObject><PageContent><Question QRef="il_0_qst_406151"/></PageContent></PageObject><PageObject><PageContent><Question QRef="il_0_qst_406152"/></PageContent></PageObject><PageObject><PageContent PCID="247f01e5942ac4da644f849a03080486"><Paragraph Language="de" Characteristic="Standard">Gegeben ist der Folgende Quellcode</Paragraph></PageContent><PageContent PCID="67860d7a82f547e118010ec932c84a18"><Paragraph Language="de" SubCharacteristic="cpp" ShowLineNumbers="y" Characteristic="Code">#include &amp;lt;iostream&amp;gt;<br/>using namespace std; <br/><br/>int main(){<br/><br/>int i {12}; <br/><br/>cout &amp;lt;&amp;lt; "Der Wert der Variable i ist: " &amp;lt;&amp;lt; i &amp;lt;&amp;lt; endl; <br/><br/>return 0; <br/>}</Paragraph></PageContent><PageContent PCID="55224145f9982997e4accd084f810fe1"><Question QRef="il_0_qst_406153"/></PageContent></PageObject><QuestionSkillAssignments><TriggerQuestion Id="406149"></TriggerQuestion><TriggerQuestion Id="406150"></TriggerQuestion><TriggerQuestion Id="406151"></TriggerQuestion><TriggerQuestion Id="406152"></TriggerQuestion><TriggerQuestion Id="406153"></TriggerQuestion></QuestionSkillAssignments></ContentObject>