<?xml version="1.0" encoding="UTF-8"?><!DOCTYPE questestinterop SYSTEM "ims_qtiasiv1p2p1.dtd"><!--Generated by ILIAS XmlWriter--><questestinterop><item ident="il_0_qst_1" title="Universal Turing Machine" maxattempts="0"><qticomment/><duration>P0Y0M0DT0H1M0S</duration><itemmetadata><qtimetadata><qtimetadatafield><fieldlabel>ILIAS_VERSION</fieldlabel><fieldentry>5.4.26 2021-12-22</fieldentry></qtimetadatafield><qtimetadatafield><fieldlabel>QUESTIONTYPE</fieldlabel><fieldentry>SINGLE CHOICE QUESTION</fieldentry></qtimetadatafield><qtimetadatafield><fieldlabel>AUTHOR</fieldlabel><fieldentry>Ulrich Eisenecker</fieldentry></qtimetadatafield><qtimetadatafield><fieldlabel>additional_cont_edit_mode</fieldlabel><fieldentry>default</fieldentry></qtimetadatafield><qtimetadatafield><fieldlabel>thumb_size</fieldlabel><fieldentry/></qtimetadatafield><qtimetadatafield><fieldlabel>feedback_setting</fieldlabel><fieldentry>2</fieldentry></qtimetadatafield><qtimetadatafield><fieldlabel>singleline</fieldlabel><fieldentry>0</fieldentry></qtimetadatafield></qtimetadata></itemmetadata><presentation label="Universal Turing Machine"><flow><material><mattext texttype="text/xhtml">In 1935 Alan Turing published his famous paper "On Computable Numbers, with a n Application to the Entscheidungsproblem". In this paper he also conceptualized a universal machine being able to compute any computable function. Unfortunately this machine cannot be built in reality. What is a valid reason?</mattext></material><response_lid ident="MCSR" rcardinality="Single"><render_choice shuffle="Yes"><response_label ident="0"><material><mattext texttype="text/xhtml">The machine would require an endless tape.</mattext></material></response_label><response_label ident="1"><material><mattext texttype="text/xhtml">The entirety of all computable functions is not known.</mattext></material></response_label><response_label ident="2"><material><mattext texttype="text/xhtml">The speed of light imposes a fundamental bareer for its construction.</mattext></material></response_label><response_label ident="3"><material><mattext texttype="text/xhtml">It cannot be sufficiently miniaturized.</mattext></material></response_label></render_choice></response_lid></flow></presentation><resprocessing><outcomes><decvar></decvar></outcomes><respcondition continue="Yes"><conditionvar><varequal respident="MCSR">0</varequal></conditionvar><setvar action="Add">1</setvar><displayfeedback feedbacktype="Response" linkrefid="response_0"/></respcondition><respcondition continue="Yes"><conditionvar><varequal respident="MCSR">1</varequal></conditionvar><setvar action="Add">0</setvar><displayfeedback feedbacktype="Response" linkrefid="response_1"/></respcondition><respcondition continue="Yes"><conditionvar><varequal respident="MCSR">2</varequal></conditionvar><setvar action="Add">0</setvar><displayfeedback feedbacktype="Response" linkrefid="response_2"/></respcondition><respcondition continue="Yes"><conditionvar><varequal respident="MCSR">3</varequal></conditionvar><setvar action="Add">0</setvar><displayfeedback feedbacktype="Response" linkrefid="response_3"/></respcondition></resprocessing><itemfeedback ident="response_0" view="All"><flow_mat><material><mattext texttype="text/plain">&#10;          </mattext></material></flow_mat></itemfeedback><itemfeedback ident="response_1" view="All"><flow_mat><material><mattext texttype="text/plain">&#10;          </mattext></material></flow_mat></itemfeedback><itemfeedback ident="response_2" view="All"><flow_mat><material><mattext texttype="text/plain">&#10;          </mattext></material></flow_mat></itemfeedback><itemfeedback ident="response_3" view="All"><flow_mat><material><mattext texttype="text/plain">&#10;          </mattext></material></flow_mat></itemfeedback></item><item ident="il_0_qst_2" title="Definition einer Variable mit Initialisierung" maxattempts="0"><qticomment/><duration>P0Y0M0DT0H1M0S</duration><itemmetadata><qtimetadata><qtimetadatafield><fieldlabel>ILIAS_VERSION</fieldlabel><fieldentry>5.4.26 2021-12-22</fieldentry></qtimetadatafield><qtimetadatafield><fieldlabel>QUESTIONTYPE</fieldlabel><fieldentry>SINGLE CHOICE QUESTION</fieldentry></qtimetadatafield><qtimetadatafield><fieldlabel>AUTHOR</fieldlabel><fieldentry>Ulrich Eisenecker</fieldentry></qtimetadatafield><qtimetadatafield><fieldlabel>additional_cont_edit_mode</fieldlabel><fieldentry>default</fieldentry></qtimetadatafield><qtimetadatafield><fieldlabel>thumb_size</fieldlabel><fieldentry/></qtimetadatafield><qtimetadatafield><fieldlabel>feedback_setting</fieldlabel><fieldentry>2</fieldentry></qtimetadatafield><qtimetadatafield><fieldlabel>singleline</fieldlabel><fieldentry>0</fieldentry></qtimetadatafield></qtimetadata></itemmetadata><presentation label="Definition einer Variable mit Initialisierung"><flow><material><mattext texttype="text/xhtml">How do you define the variable myVar of type std::string and initialize it with value "Good "s + "point"? What is the correct statement?</mattext></material><response_lid ident="MCSR" rcardinality="Single"><render_choice shuffle="Yes"><response_label ident="0"><material><mattext texttype="text/xhtml">std::string myVar = "Good "s + "point";</mattext></material></response_label><response_label ident="1"><material><mattext texttype="text/xhtml">myVar as std::string = "Good "s + "point";</mattext></material></response_label><response_label ident="2"><material><mattext texttype="text/xhtml">std::string myVar { }; myVar = "Good "s + "point";</mattext></material></response_label><response_label ident="3"><material><mattext texttype="text/xhtml">myVar = std::string("Good "s + "point");</mattext></material></response_label></render_choice></response_lid></flow></presentation><resprocessing><outcomes><decvar></decvar></outcomes><respcondition continue="Yes"><conditionvar><varequal respident="MCSR">0</varequal></conditionvar><setvar action="Add">1</setvar><displayfeedback feedbacktype="Response" linkrefid="response_0"/></respcondition><respcondition continue="Yes"><conditionvar><varequal respident="MCSR">1</varequal></conditionvar><setvar action="Add">0</setvar><displayfeedback feedbacktype="Response" linkrefid="response_1"/></respcondition><respcondition continue="Yes"><conditionvar><varequal respident="MCSR">2</varequal></conditionvar><setvar action="Add">0</setvar><displayfeedback feedbacktype="Response" linkrefid="response_2"/></respcondition><respcondition continue="Yes"><conditionvar><varequal respident="MCSR">3</varequal></conditionvar><setvar action="Add">0</setvar><displayfeedback feedbacktype="Response" linkrefid="response_3"/></respcondition></resprocessing><itemfeedback ident="response_0" view="All"><flow_mat><material><mattext texttype="text/plain">&#10;          </mattext></material></flow_mat></itemfeedback><itemfeedback ident="response_1" view="All"><flow_mat><material><mattext texttype="text/plain">&#10;          </mattext></material></flow_mat></itemfeedback><itemfeedback ident="response_2" view="All"><flow_mat><material><mattext texttype="text/plain">&#10;          </mattext></material></flow_mat></itemfeedback><itemfeedback ident="response_3" view="All"><flow_mat><material><mattext texttype="text/plain">&#10;          </mattext></material></flow_mat></itemfeedback></item></questestinterop>