<?xml version="1.0" encoding="utf-8"?><!DOCTYPE Test SYSTEM "http://www.ilias.uni-koeln.de/download/dtd/ilias_co.dtd"><!--Export of ILIAS Test Questionpool 39991 of installation .--><ContentObject Type="Questionpool_Test"><MetaData><General Structure="Hierarchical"><Identifier Catalog="ILIAS" Entry="il_0_qpl_39991"/><Title Language="de">Testfragepool</Title><Language Language="de"/><Description Language="de"></Description><Keyword Language="de"/></General></MetaData><Settings><ShowTaxonomies>1</ShowTaxonomies><NavTaxonomy>0</NavTaxonomy><SkillService>0</SkillService></Settings><PageObject><PageContent><Question QRef="il_0_qst_406149"/></PageContent></PageObject><PageObject><PageContent><Question QRef="il_0_qst_406150"/></PageContent></PageObject><PageObject><PageContent><Question QRef="il_0_qst_406151"/></PageContent></PageObject><PageObject><PageContent><Question QRef="il_0_qst_406152"/></PageContent></PageObject><QuestionSkillAssignments><TriggerQuestion Id="406149"></TriggerQuestion><TriggerQuestion Id="406150"></TriggerQuestion><TriggerQuestion Id="406151"></TriggerQuestion><TriggerQuestion Id="406152"></TriggerQuestion></QuestionSkillAssignments></ContentObject>