<?xml version="1.0" encoding="utf-8"?><!--Generated by ILIAS XmlWriter--><exp:Export InstallationId="0" InstallationUrl="https://eassessment.rz.uni-leipzig.de/eklausuren" Entity="tax" SchemaVersion="4.3.0" TargetRelease="5.4.0" xmlns:xsi="http://www.w3.org/2001/XMLSchema-instance" xmlns:exp="http://www.ilias.de/Services/Export/exp/4_1" xsi:schemaLocation="http://www.ilias.de/Services/Export/exp/4_1 https://eassessment.rz.uni-leipzig.de/eklausuren/xml/ilias_export_4_1.xsd http://www.ilias.de/Services/Taxonomy/tax/4_3 https://eassessment.rz.uni-leipzig.de/eklausuren/xml/ilias_tax_4_3.xsd http://www.ilias.de/Services/DataSet/ds/4_3 https://eassessment.rz.uni-leipzig.de/eklausuren/xml/ilias_ds_4_3.xsd" xmlns="http://www.ilias.de/Services/Taxonomy/tax/4_3" xmlns:ds="http://www.ilias.de/Services/DataSet/ds/4_3"><exp:ExportItem Id="44443"><ds:DataSet InstallationId="0" InstallationUrl="https://eassessment.rz.uni-leipzig.de/eklausuren" TopEntity="tax"><ds:Rec Entity="tax"><Tax><Id>44443</Id><Title>Taxonomie</Title><Description></Description><SortingMode>0</SortingMode></Tax></ds:Rec><ds:Rec Entity="tax_tree"><TaxTree><TaxId>44443</TaxId><Child>15040</Child><Parent>0</Parent><Depth>1</Depth><Type></Type><Title>Root node for taxonomy 44443</Title><OrderNr>0</OrderNr></TaxTree></ds:Rec><ds:Rec Entity="tax_tree"><TaxTree><TaxId>44443</TaxId><Child>15042</Child><Parent>15040</Parent><Depth>2</Depth><Type>taxn</Type><Title>Frage 2</Title><OrderNr>10</OrderNr></TaxTree></ds:Rec><ds:Rec Entity="tax_tree"><TaxTree><TaxId>44443</TaxId><Child>15041</Child><Parent>15040</Parent><Depth>2</Depth><Type>taxn</Type><Title>Frage 1</Title><OrderNr>20</OrderNr></TaxTree></ds:Rec><ds:Rec Entity="tax_usage"><TaxUsage><TaxId>44443</TaxId><ObjId>39991</ObjId></TaxUsage></ds:Rec></ds:DataSet></exp:ExportItem></exp:Export>